File path,File type,Purpose/category,Included in archive: yes/no,Exclusion reason if excluded,SHA256 hash if included,Risk notes
.env.production.example,.example,project,yes,,7949bb1b08bd748c2d2af61240e610c25daa7d7516cbd32a029e5697f07564d0,No high-confidence secret finding
.gitignore,(none),project,yes,,05fe7a628802f976b8ae34365446aecda0a7bc06c61dbd4bbc9b7b4f02a08b75,No high-confidence secret finding
HANDOFF_FOR_CODEX.md,.md,project,yes,,8d6ce28e037b84f3e8c9cfcdd99e78cfb5e787a3a279f640889fdc5cee205df3,No high-confidence secret finding
PILOT_DEMO.md,.md,project,yes,,a4c0709715ca4688a4c217406fc8e1bdbefbd9003d06ac98331f7618cfd11e56,No high-confidence secret finding
README.md,.md,project,yes,,2eaf50465aaaf21784e4921bed1d298193cff52135c5b9cac92caf84b518c1df,No high-confidence secret finding
apps/api/src/server.ts,.ts,app,yes,,0aaa2c193422c57eeb913aa133af13614d98adfc63f514cc87e8dd56a23c15e5,No high-confidence secret finding
apps/automation-builder/index.html,.html,app,yes,,f5da88ed8661dbe7a8904a02a4ae5cd29af651c74ddd31b0fb227fa1e1861129,No high-confidence secret finding
apps/web/funnel.html,.html,app,yes,,68efb684689bbf1851807bdc5941277afd4221d9a9a9f3895a5c4612125cd5a2,No high-confidence secret finding
apps/web/index.html,.html,app,yes,,d539e84e7e71e762ef93dd9c2138f4e3c662fd5b2cd54c88101d53916a0a20c8,No high-confidence secret finding
apps/web/onboarding.html,.html,app,yes,,b414ecaeee8113a14851b11bc83663ea2e0e54ec1ad5b34ab7339bb7b774d201,No high-confidence secret finding
apps/web/p.html,.html,app,yes,,9baf531dd47bd5529077f50bbb81e78431b9180051f32e89e49f087b82e851c5,No high-confidence secret finding
customer-one.config.example.json,.json,project,yes,,afa2653c31971451dbf34ec6f7f206229785146d2cdae53defb682f11463d191,No high-confidence secret finding
customer-one.execution.example.json,.json,project,yes,,1ee0e2bde993a9d6b95e1caa198cf1e86645b02afd10147bf712921145685c18,No high-confidence secret finding
customer-zero.config.example.json,.json,project,yes,,51d34af6451d094bb509c5a94a162307243c7be8123e905a655fca816290a119,No high-confidence secret finding
customer-zero.execution.example.json,.json,project,yes,,131cfe607114bfab43de56e2b052d351102fdc708b9f1368003f2a27c7e7078a,No high-confidence secret finding
docker-compose.test.yml,.yml,project,yes,,d64c5d611238a7ef10f3ae2d98870e58ed2225d9b201dd6fec8ed347e8a26e4a,No high-confidence secret finding
docs/BACKUP_RESTORE_RUNBOOK.md,.md,docs,yes,,fb5b3a388ce043e252539bd2f01d88fa0634b86929f2cc4acd07064f3aa4926e,No high-confidence secret finding
docs/COMMERCIAL_FAQ.md,.md,docs,yes,,bc37d5d76aadb739568834427a0875eb61c7ba7c3e521dfabc44d76b3eec2a5d,No high-confidence secret finding
docs/COMMERCIAL_PACKAGING.md,.md,docs,yes,,c7c66ad3d43f3cf5dbf5416a66f383b487f8d8388f6c4b5a0085de06afc72cdc,No high-confidence secret finding
docs/COMPETITIVE_POSITIONING.md,.md,docs,yes,,273e27e3af122ef59e38402f98b5d7503d749d19e62aa33a5fccf10bba5d1244,No high-confidence secret finding
docs/CUSTOMER_AGREEMENT_DRAFT.md,.md,docs,yes,,7cffbb8cd9a468acd05d3b8ece936f10f6dc511b744c262569597a459be1ba8f,No high-confidence secret finding
docs/CUSTOMER_DEPLOYMENT_RUNBOOK.md,.md,docs,yes,,da586e34ac5a59e52c61510246f220e9ccad6b1f301433ac49644dc19d02c148,No high-confidence secret finding
docs/CUSTOMER_PROOF_PACK.md,.md,docs,yes,,b8b26ce0e4656a0dc6e9650d3ade62e65f53b154a3aebe4d74122b9d7ace8a51,No high-confidence secret finding
docs/CUSTOMER_SUCCESS_CRITERIA.md,.md,docs,yes,,3cfa29265df159de26e7a190fa9776a95302da97306cceeaeedaa52f2c73450d,No high-confidence secret finding
docs/CUSTOMER_ZERO_72H_REPORT.md,.md,docs,yes,,ab22fba535dd1a0f2e6a9a0bd45f9b75323cd5b04b641c36c34c3f2236e97874,No high-confidence secret finding
docs/CUSTOMER_ZERO_FRICTION_INVENTORY.md,.md,docs,yes,,3ca36eb6fad6341d03102f31abfd26c291ac87fb274f2937d58fbc0427af284f,No high-confidence secret finding
docs/CUSTOMER_ZERO_LAUNCH_DAY.md,.md,docs,yes,,cefdd4367b031b66101707a26bb8abbaca95a1bfa2382d7eb8ec8bc46186ac6c,No high-confidence secret finding
docs/CUSTOMER_ZERO_RUNBOOK.md,.md,docs,yes,,554bcf7f04e961098853b3b29e6e5cf2794f6d0aee8d33f631c78fc164c2c483,No high-confidence secret finding
docs/DEPLOYMENT_RUNBOOK.md,.md,docs,yes,,149c22e94c9c72ccec7b667959e3de5c1620f98752a80e91622363dcc775033d,No high-confidence secret finding
docs/DOMAIN_SSL_CHECKLIST.md,.md,docs,yes,,3bd4c520fbe6890c194517246e9493373ae93cc06319b9f77fed83c4ac1756d3,No high-confidence secret finding
docs/EVIDENCE_INDEX.md,.md,docs,yes,,b4f6cdf30fc3139112d5a3144d3120f69092e1d38caf71cd4ed3704d5c816f32,No high-confidence secret finding
docs/INTERNAL_SALES_SCRIPT.md,.md,docs,yes,,6b1e3a7533003201d0c4827d9f19237b62eef360f8a45f055d091a0ccd43e79d,No high-confidence secret finding
docs/INVESTOR_PARTNER_PROOF.md,.md,docs,yes,,3924cb3c7cfac1343ed97c7930d55f5c76559fe0818e857ec2b33316ced2565d,No high-confidence secret finding
docs/LOGGING_RETENTION.md,.md,docs,yes,,2b8fb917a8f586f92acc06e6d1739c3bddfce8f878d09b01580ecd693ae637e0,No high-confidence secret finding
docs/ONBOARDING_PROMISE.md,.md,docs,yes,,cd1058399f5b9911a76de21ca2fa49531258fb2243b296687cb056e1b75d20d0,No high-confidence secret finding
docs/PILOT_DEMO.md,.md,docs,yes,,a4c0709715ca4688a4c217406fc8e1bdbefbd9003d06ac98331f7618cfd11e56,No high-confidence secret finding
docs/PRODUCTION_ENVIRONMENT.md,.md,docs,yes,,e0943d0f2f886948e532abca6449fd601fdec6025e4115507a79a2616bb7b823,No high-confidence secret finding
docs/PRODUCT_PROOF.md,.md,docs,yes,,016d466e66458a968a6f8d3ee331532419bbcc8c3fd1cccb7e40232682e39561,No high-confidence secret finding
docs/PROOF_ASSETS_CHECKLIST.md,.md,docs,yes,,a0f921e1b656432338dd3400935c2af8da11125b47e28d2e35f4db461083aab6,No high-confidence secret finding
docs/PROPOSAL_TEMPLATE.md,.md,docs,yes,,8669c02d226c735fa9a62436a660bd6ee2ee5a31b80b5392b72929336dd31384,No high-confidence secret finding
docs/RELEASE_NOTES.md,.md,docs,yes,,7be4012bec4216ea060612429f7fa117e7777203c66e1a6751b8379b4373c1ef,No high-confidence secret finding
docs/ROLLBACK_RUNBOOK.md,.md,docs,yes,,b1ac6095fcb8987366f95d7d5859224a1de8b4b99e04f851b62f21abd66ff6a9,No high-confidence secret finding
docs/RUNBOOK.md,.md,docs,yes,,000d34fa14bb7ce90e6d1f94ba7f59665e47666a025ddf137aa5969169a552cc,No high-confidence secret finding
docs/SALES_OPERATING_SYSTEM.md,.md,docs,yes,,c8b013e7de89af2b0e1d88875ebf93f0c5b1c540362b3427f384fccce05db551,No high-confidence secret finding
docs/SALES_PAGE_COPY.md,.md,docs,yes,,e717ddf6d922479386d9203b7b83a4604e0c9dd3d3e7ab6051ce5e8fb3c0bffc,No high-confidence secret finding
docs/SALES_QUALIFICATION.md,.md,docs,yes,,e7c108bbf3ea8b431cf47ba875f7c41b99bf4b6143e0b39d884d724348b8f541,No high-confidence secret finding
docs/SALES_TO_ACTIVATION_HANDOFF.md,.md,docs,yes,,f2c36d0fda0720434d0bf2190899d2f1776c0c7f8194068bb43a95fdb05a3f91,No high-confidence secret finding
docs/SECURITY_TRUST_PROOF.md,.md,docs,yes,,eea16f6870edfb4c4c53d86789aeaf9f90d6500d6efd146578c093bde218ebb5,No high-confidence secret finding
docs/SUPPORT_WORKFLOW.md,.md,docs,yes,,c0a6dc73d5e17cdbf2a3ccf057d40a76cbf2767109110f4817d4aa9411a6549d,No high-confidence secret finding
docs/TECHNICAL_PROOF.md,.md,docs,yes,,356cdcd242d43094f2b9ac75e8b01d12b420e42ed1f1805ad35fe4a3143422e2,No high-confidence secret finding
docs/archive/fnnlr_Build_Packs_and_Implementation_Tasks.md,.md,docs,yes,,fc164f442397acff3bd6596607a37429a9c637a748fab24e5d1c885578d6590f,No high-confidence secret finding
docs/archive/fnnlr_Company_Vision_PreCode.md,.md,docs,yes,,768527d24f943e054f65d9a0af90574acedc13ca90d27b034aa082655067c787,No high-confidence secret finding
docs/archive/fnnlr_Execution_Blueprint.md,.md,docs,yes,,d9b278860cf5c41247ba6a0ef140cb6f5b6907752fa83e68ef0462a378a69333,No high-confidence secret finding
docs/archive/fnnlr_Expert_Review_and_Build_Strategy.md,.md,docs,yes,,2eab8b71c4775aa82f2237643a17994738e4c0a9243b9b3b16d961e780041e78,No high-confidence secret finding
docs/archive/fnnlr_Product_Bible.md,.md,docs,yes,,a46f708b1972381e10daab1a33b294d3c6b0ced0df732207a46a756682746e1c,No high-confidence secret finding
docs/archive/fnnlr_Technical_Architecture_Plan.md,.md,docs,yes,,4dd2f3551e565252fa52571bb726bd5b82d5d3da7b87b99393e85006a9f4bde5,No high-confidence secret finding
docs/fnnlr_Full_Rebuild_Plan.md,.md,docs,yes,,d34b04271861b8d9c6a6a6b44ab55dd3d21685f21d85ee8202606ebcf3e7f1ba,No high-confidence secret finding
docs/fnnlr_Sprint_10_Report.md,.md,docs,yes,,adde1ac70e1e9013d9dec4b0bd0ebdc8527b8e33b1372a8f9cff290e4e953dc1,No high-confidence secret finding
docs/fnnlr_Sprint_11_Report.md,.md,docs,yes,,1c5b2e19ced120a074b9732fa8642ec37c60f5eaa7b265ea3fb703c5cc4f2cbb,No high-confidence secret finding
docs/fnnlr_Sprint_12_Report.md,.md,docs,yes,,4045e9cf3613cea0b4161088440b957cd1ce71ddcb3d8f130eab26d677382ca3,No high-confidence secret finding
docs/fnnlr_Sprint_13_Report.md,.md,docs,yes,,8a5f30f62171ad196c160c23b4e60fd85bbb41124bcd4d4ca81e93b07b16bfb7,No high-confidence secret finding
docs/fnnlr_Sprint_14_Report.md,.md,docs,yes,,589e3a9d8145b5d14ec2f6f4c8180bd9574afc011d60fc7f2031d44db72326c1,No high-confidence secret finding
docs/fnnlr_Sprint_15_Report.md,.md,docs,yes,,91d4d8c7f2d54d589dc3cc9a8eec2be025e4873bd4231e3b274fd71a1cd47705,No high-confidence secret finding
docs/fnnlr_Sprint_16_Report.md,.md,docs,yes,,7497bf0b0757c2a3a5239680c50bba8f63f99b9cc2c85af3d57377b52a9f49ba,No high-confidence secret finding
docs/fnnlr_Sprint_17_Report.md,.md,docs,yes,,eaeb582387111cd77be0bcdab59816bbbdb8e573898cbb2fa49c5640e9fed986,No high-confidence secret finding
docs/fnnlr_Sprint_18_Report.md,.md,docs,yes,,b7b75952f745ba2547cc4cb17cbfc4663fd3a4078971f658a91c4d24bde90131,No high-confidence secret finding
docs/fnnlr_Sprint_19_Report.md,.md,docs,yes,,009e9f4c6daea10613f8cb0572137441e7daa9c0aae2c7cf70370ad723e20a22,No high-confidence secret finding
docs/fnnlr_Sprint_20_Report.md,.md,docs,yes,,d7c09a9ac0df05a4a287ed1f9ba0b8c04d02d9f99b21e91c79dfee5d0040d2f4,No high-confidence secret finding
docs/fnnlr_Sprint_21_Report.md,.md,docs,yes,,1282dae665bb2916704d4df6669303da9791c6f978bef12a5101bd236a13b1a9,No high-confidence secret finding
docs/fnnlr_Sprint_22_Report.md,.md,docs,yes,,5b617bdb5b7eba6b7f9afbdf4be2eb5cfb79f67f8262969be705fca50334d0d7,No high-confidence secret finding
docs/fnnlr_Sprint_23_Report.md,.md,docs,yes,,40e8ad8747c1d859a2139e880f1dfaa6f8b8b8a304f2c34da93a52c95caacd88,No high-confidence secret finding
docs/fnnlr_Sprint_24_Report.md,.md,docs,yes,,a343bea22873aeea630f55a2c01b8e2a21d74f1543c8f17d93111764ca275d97,No high-confidence secret finding
docs/fnnlr_Sprint_25_Report.md,.md,docs,yes,,ff491b417fbcdb4bffd29ff162a38bffc57fb49a9a4793afa529b978212e9146,No high-confidence secret finding
docs/fnnlr_Sprint_26_Report.md,.md,docs,yes,,ecd8496735b6a7a5098ee8e62c1efcc9d8009a485094cd2d20ae221a3e4ba345,No high-confidence secret finding
docs/fnnlr_Sprint_27_Report.md,.md,docs,yes,,c812324dc0b25caaa15610c167e3436f60827cd44c767f2f7bbc5437f66ef428,No high-confidence secret finding
docs/fnnlr_Sprint_28_Report.md,.md,docs,yes,,54c1a35d284c9595de13569c27354cfbf381ecf40a326030184e4e050ee3ecb1,No high-confidence secret finding
docs/fnnlr_Sprint_29_Report.md,.md,docs,yes,,806a16cdf336d9807b54cbbf6f247a5973ad6f382c2535488bd02ea3a90006f8,No high-confidence secret finding
docs/fnnlr_Sprint_30_Audit.md,.md,docs,yes,,0b3205ac1c6258ca7c8781e09e8d0ce9eede7af36bdefbe42d4b44bbdf0b1be2,No high-confidence secret finding
docs/fnnlr_Sprint_31_Report.md,.md,docs,yes,,a3132e06dff54ca43ff058051c857b360c52f75d1f75355f43a6dd91478bd84d,No high-confidence secret finding
docs/fnnlr_Sprint_32_Report.md,.md,docs,yes,,0290ec2822787c8e5685c878684a4fa204a7addd24b76a63bcdea5797896fb0b,No high-confidence secret finding
docs/fnnlr_Sprint_33_Report.md,.md,docs,yes,,4d3371ae8aaf5dda4dd1bcb5f91edd3bc3981c39047510c37a9a9408b1cf48a2,No high-confidence secret finding
docs/fnnlr_Sprint_34_Report.md,.md,docs,yes,,3f4f789ea03e9a8b10d9517e07f878b678f192fbc0bda8104a3c8e3fecdf0295,No high-confidence secret finding
docs/fnnlr_Sprint_35_Report.md,.md,docs,yes,,de4b53db134818fbbbb8fd3299c3408a411931dcb6cf6cb9377cdf507b2bdcac,No high-confidence secret finding
docs/fnnlr_Sprint_36_Report.md,.md,docs,yes,,329f048fae89f8d9d97272ec50ce3bb17f9c7d3ada845827c5a22b7def279a13,No high-confidence secret finding
docs/fnnlr_Sprint_37_Report.md,.md,docs,yes,,8c5c06e7ad4fc0ff83614b08e620b9eb44ee1a453fc224255890c6e44ac2fc1b,No high-confidence secret finding
docs/fnnlr_Sprint_38_Report.md,.md,docs,yes,,673eb22dfb3a3204efcd3e71e7c556e0a433b445654d95f1fd97757193eb9a56,No high-confidence secret finding
docs/fnnlr_Sprint_39_Report.md,.md,docs,yes,,7c76bdb92736b66beb3a998bb66c43ea4cd1ab6be9497658f4caa90cb2b26c21,No high-confidence secret finding
docs/fnnlr_Sprint_40_Report.md,.md,docs,yes,,765c5042d04d43ced17efe86684ea7de94bc3e9683d3d551a552ec1b23d4dd1b,No high-confidence secret finding
docs/fnnlr_Sprint_41_Report.md,.md,docs,yes,,89dd7cfcee0ae2a3dcd4c7f0f3cea483949d27b6db59ef5b1fa079c885f694ed,No high-confidence secret finding
docs/fnnlr_Sprint_42_Report.md,.md,docs,yes,,c169149a59e618902716e2be308d186714e0885a5d3e57835151cc35f6d05c2f,No high-confidence secret finding
docs/fnnlr_Sprint_43_Report.md,.md,docs,yes,,5b7ef7679b6287b1da9f3c1116eae171b1a7fbca21b2aeb713af55b244760247,No high-confidence secret finding
docs/fnnlr_Sprint_44_Report.md,.md,docs,yes,,1e0198cb69c346f01e49aabd4ec78cdc158bb8cde60c0304c881de3fff55effe,No high-confidence secret finding
docs/fnnlr_Sprint_45_Report.md,.md,docs,yes,,5402f9a9d62d43258e869e9a3b916ed56f49d08a702b1edbe562ffabb0465260,No high-confidence secret finding
docs/fnnlr_Sprint_46_Report.md,.md,docs,yes,,9f55e39cae9fc8aece1a1df1a33d7b48fff4e602c5334195809a513a0479e1a7,No high-confidence secret finding
docs/fnnlr_Sprint_47_Report.md,.md,docs,yes,,d3d53afb553a16516077c0abf1b29e0e2e77f0873c421ef212002316992a9e82,No high-confidence secret finding
docs/fnnlr_Sprint_4_Report.md,.md,docs,yes,,1a4f7be2b03c689cab478f33e134bbd94b25a5b6c1e9e94ace7dd37bd3f9c0ba,No high-confidence secret finding
docs/fnnlr_Sprint_5_Report.md,.md,docs,yes,,7a564890202e8f0a4a401903be7863ee80f98229a81d714822f32c26f1f9bbb0,No high-confidence secret finding
docs/fnnlr_Sprint_6_Report.md,.md,docs,yes,,5b75a9b8dfcddb79f563715b173a6859a369f1315518f064ceca8758bf6eb457,No high-confidence secret finding
docs/fnnlr_Sprint_7_Report.md,.md,docs,yes,,8767c76236b8dbdfc7dbe4a15cfd4162e8a2410ded4d9cacee1136e64116ce29,No high-confidence secret finding
docs/fnnlr_Sprint_8_Report.md,.md,docs,yes,,5df1d0c67a84d51b47ce9f7584dad6cb89916948611e600ba4994acf4988aff0,No high-confidence secret finding
docs/fnnlr_Sprint_9_Report.md,.md,docs,yes,,af4ee5714eed1523bd9ed501ee26e189c2d8e5872a82492418e7a780172f34bf,No high-confidence secret finding
docs/fnnlr_Sprints_1_3_Report.md,.md,docs,yes,,8069e57cac6ced27cc2784b18fe2545448dc4442f17f171e339c50cf24a1f2a5,No high-confidence secret finding
modules/actions/src/builder.ts,.ts,module,yes,,379d5c1385c58597beb95b4fb6b7cbdf0a0bcacfef26b2ed3967a39d2adb6a26,No high-confidence secret finding
modules/actions/src/service.ts,.ts,module,yes,,e1c72de406d0c206350b0a5269370b7facaf970287547dd2555497b95e5e9875,No high-confidence secret finding
modules/activation/src/engine.ts,.ts,module,yes,,6b327daafb60f7e9abbbb323d1d42192bee397fbe026e4c60c4eee461c659d4a,No high-confidence secret finding
modules/activation/src/service.ts,.ts,module,yes,,de4df612504d331fa589d99dcee7a24f15a8f85399f1b1b3bd0b5091910e69c8,No high-confidence secret finding
modules/attribution/src/engine.ts,.ts,module,yes,,42574896a7a3d59d1ad83580c46155084fd0daa01c57252c4da90c16243aeae5,No high-confidence secret finding
modules/attribution/src/service.ts,.ts,module,yes,,4e33652cb4d6b926dbc0defa55f1e82c24e4fca216dbc86503b22297076f842c,No high-confidence secret finding
modules/auth/src/crypto.ts,.ts,module,yes,,94c0268986af1f47d53bb5f8aec89fcad44693ff05db097ebee54a2f236ed20d,No high-confidence secret finding
modules/auth/src/service.ts,.ts,module,yes,,8eceafb5f8e22da76557e8820c12eede6cdb89b855182bb182dffdec3861276f,No high-confidence secret finding
modules/automation/README.md,.md,module,yes,,4ee339f46181ef367f0df8d397689f2b4abe059517d8edfb4f86a1f46a95a3c4,No high-confidence secret finding
modules/automation/src/conditions.ts,.ts,module,yes,,b047822dcfe709b656e2579a103135f5f7b5b2d8fbcb07fef1ece9fcd6af083f,No high-confidence secret finding
modules/automation/src/dispatcher.ts,.ts,module,yes,,b54e30339fd4f4e71228dfc45bb312efac49e29ae5c7df0fbfa39346c0ef8989,No high-confidence secret finding
modules/automation/src/engine.ts,.ts,module,yes,,bf84e4f36322908bd3ea07ae4afcfe869e3c8296a7004b51dc241f78c89e79f6,No high-confidence secret finding
modules/automation/src/guards/safety.ts,.ts,module,yes,,233b26e67108284c0a4fdb2eb43aeeb23618da35ac6fbef1d4500a68146c6f0a,No high-confidence secret finding
modules/automation/src/guards/whatsapp.ts,.ts,module,yes,,e1d4ba090cd2ce4d56c673b61d25e85b19d6bb08e21b350b3734c36c78bd774f,No high-confidence secret finding
modules/automation/src/index.ts,.ts,module,yes,,d43a2ff592ba2e2d5608e38bb9a6e5e6fa1eca5515bcdce11a9db3805806332e,No high-confidence secret finding
modules/automation/src/ports.ts,.ts,module,yes,,a094b1fe8433b94143e88c19e10bc513b03039df24f39d2d5a4d3ff2c6db19b4,No high-confidence secret finding
modules/automation/src/recipes.ts,.ts,module,yes,,44c8d5e1b6806217c723935e9703049507cd6e0eb7b02ba2002d937abc630cf3,No high-confidence secret finding
modules/automation/src/scheduler.ts,.ts,module,yes,,fa40f54ebfe31307413d150741bc8861ec0a2b5a1f3e1848021dd5e0a4258277,No high-confidence secret finding
modules/automation/src/service.ts,.ts,module,yes,,c6aacde868d5a9523836c20277e9c7083f631150615db6facda42c4168785d39,No high-confidence secret finding
modules/automation/src/store.ts,.ts,module,yes,,396fdfecf581855730718f76508c302c6f967eb4780ea56793e43f2730c77a51,No high-confidence secret finding
modules/automation/src/synthetic.ts,.ts,module,yes,,a8c0e992c214e913267585602ff9e58408002259c63f1fc1f9eb3b4fcf9f85cb,No high-confidence secret finding
modules/automation/src/types.ts,.ts,module,yes,,2d93a5800c36968b86caea201b48f72b1a5f6d7ab937dda303c7e209f7d166fa,No high-confidence secret finding
modules/capture/src/resolver.ts,.ts,module,yes,,a5e349f91f0e9f2bb1e89de0d238dd7a46b6a458d46760db5624105bba7e9fc5,No high-confidence secret finding
modules/capture/src/service.ts,.ts,module,yes,,0ca2c053af31d684279284aaa8a48451345bd7177c019ebdab189b46e8006532,No high-confidence secret finding
modules/channels/src/whatsapp.ts,.ts,module,yes,,321e5e605c7089bda1fea6a8c643aade6425fc3203b130d0b6cf04631d881968,No high-confidence secret finding
modules/command/src/executor.ts,.ts,module,yes,,fe95b3a8b14b3cfb9dc2978957779fee0d0e9e587a283983ac40e59cdb0e854c,No high-confidence secret finding
modules/command/src/intents.ts,.ts,module,yes,,57f1e2cdb98e586b9846a7b33bd6ef1f09769f54fbd4dc21db852177fff7e227,No high-confidence secret finding
modules/command/src/service.ts,.ts,module,yes,,e0cc3ba1efae78c98365cc98946662b52972591ed5c42893c1ddce4bc2e9cd64,No high-confidence secret finding
modules/commercial/src/consistency.ts,.ts,module,yes,,209726d0f0093d033225490fdd803f3d2088908f3b76810d9d6bbcf9adb81136,No high-confidence secret finding
modules/customer-zero/src/config.ts,.ts,module,yes,,b3ceb823f2169d0672430ef8493841f34590ccf79e8cc88c63e1a0fa515e035f,No high-confidence secret finding
modules/customer-zero/src/setup.ts,.ts,module,yes,,5797616138a25fd062559abcd82fada31fb89d8c114a66efa72b6491979b3e06,No high-confidence secret finding
modules/customer-zero/src/smoke.ts,.ts,module,yes,,42229dca7fa6e8c36ae9f2a64790fb70380224b4951ccc2ad390959bae11dc52,No high-confidence secret finding
modules/customer-zero/src/support.ts,.ts,module,yes,,d44f5697754408744b950aeb9a18c80f15404d11521c9b1b3859bb1c7aa38c4e,No high-confidence secret finding
modules/demo/src/checklist.ts,.ts,module,yes,,beea954cc01726e81ede77ab2c1cbb97154e71ab392c05342395240b92c0ea19,No high-confidence secret finding
modules/demo/src/seed.ts,.ts,module,yes,,98e26f79260ded33b171ada0e9dc7bb9c370344536de3d3e291c98482fd3a4a2,No high-confidence secret finding
modules/demo/src/service.ts,.ts,module,yes,,d7b4e0103a004c3f07b29e4388dbcc16dad355532de98622c5288b522d597236,No high-confidence secret finding
modules/deployment/src/deploy.ts,.ts,module,yes,,6392c05c930867f9c6579e9ed9e9733f2b76461f90873d8ce570621d3f9a1fc9,No high-confidence secret finding
modules/deployment/src/rollback.ts,.ts,module,yes,,c5b0e1ee40fd969efa302260375bd51c62a9badedb13ebae337658da81b1ae2e,No high-confidence secret finding
modules/execution/src/issues.ts,.ts,module,yes,,331c979850e1c64c5083261bc18ddfbf89ab484e3f5eece442cc79a3f64ce425,No high-confidence secret finding
modules/execution/src/live.ts,.ts,module,yes,,f4901cc3255bf50892a6ecfd946ac339d49f0573b491cea05f021d1b40e4e28d,No high-confidence secret finding
modules/execution/src/log.ts,.ts,module,yes,,07cacf75fbe858195d3f8ab780f9563d65a3f05a8adfc10668d8abce3febe646,No high-confidence secret finding
modules/execution/src/manifest.ts,.ts,module,yes,,30664cd7567506b2b0a09706764221c0f73d0860c9ab6459a189216ea39883f8,No high-confidence secret finding
modules/execution/src/service.ts,.ts,module,yes,,e7d377eb9aecbe3fa951b4d5a4abccf3aa0c85091af561741c150ad8a3b2bff8,No high-confidence secret finding
modules/execution/src/support-pack.ts,.ts,module,yes,,30d41aa429c9a1b034f9254cebce16a8f209550f3f6102278a32d16fdb125ae7,No high-confidence secret finding
modules/funnel/src/service.ts,.ts,module,yes,,f20a5213199f6738789bd5445af27963dc033f7ebe8ba7b4adeba4dd8499e073,No high-confidence secret finding
modules/integrations/src/providers.ts,.ts,module,yes,,722e4593a3a1eff66d11062ea3453b4e103ac6a7387ee9c295e086e926fb4baa,No high-confidence secret finding
modules/integrations/src/resolver.ts,.ts,module,yes,,c03ecb7eeb25335e08884d97917691e5d631bfc1cf9b1a0c4c3b24216034be4b,No high-confidence secret finding
modules/integrations/src/secrets.ts,.ts,module,yes,,244e639de4f011f3c637c88c2bdcdde3d6f952b476a651a91c1c6b95319a13a5,No high-confidence secret finding
modules/integrations/src/service.ts,.ts,module,yes,,9f5fe4a73301bdefa350f44b406de331ba1c98d616a5d65e2454cb1fb59b127d,No high-confidence secret finding
modules/leaks/src/engine.ts,.ts,module,yes,,9e51a8812fee50ea24e79267247a011412a99af22ccbc2c75c14edd31a1f5170,No high-confidence secret finding
modules/leaks/src/service.ts,.ts,module,yes,,01078cdcd000dc68fa24b55b89668a188763080861632d9fde5f926f2d26cedc,No high-confidence secret finding
modules/operating-room/src/decision.ts,.ts,module,yes,,1ec081b947303d45c19668ec211ea2f0b2848466d4ceca302139343c09c2040a,No high-confidence secret finding
modules/operating-room/src/incidents.ts,.ts,module,yes,,0aad52e91d5000a0384105d511615f61b361ac6db2dccefd8b266f0eb3c77c86,No high-confidence secret finding
modules/operating-room/src/service.ts,.ts,module,yes,,585e1783d21a55e322848771e714e3ed5c5e82966de5749b2abbf15ca475f979,No high-confidence secret finding
modules/opportunities/src/engine.ts,.ts,module,yes,,41a4f87ea3768f3699daa9c10e0f54eabe26f8f46ac2e6ff20a1bd30c4237448,No high-confidence secret finding
modules/opportunities/src/outcome-engine.ts,.ts,module,yes,,d2c781637d9e90ec0a3fa9cc532da908e22d346c2d84a512ca497634daeaf05d,No high-confidence secret finding
modules/opportunities/src/outcomes.ts,.ts,module,yes,,1838b5cf7df51eb7ed07cd4c8020452ed883812f1e86d735bdd4ceb39fcac025,No high-confidence secret finding
modules/opportunities/src/service.ts,.ts,module,yes,,a9033ff46dde4fd972d97620c3e4ccf7dbd094893fe60765e48f93def5575bd8,No high-confidence secret finding
modules/pages/src/service.ts,.ts,module,yes,,ed1e94955f81b1439ad5fc968a6dc14919765c2d98c2da85f1b003ac1935ece3,No high-confidence secret finding
modules/payments/src/service.ts,.ts,module,yes,,f9415b8fdf6a85ae91e3ce5dd97039a5beb27af6483822de2bb3ec20d9ed10f1,No high-confidence secret finding
modules/payments/src/state-machine.ts,.ts,module,yes,,144aed7c2df545ed1bf949744fca5e472fa9910cede875cb333513ff70c6fe57,No high-confidence secret finding
modules/pipeline/src/pipeline.ts,.ts,module,yes,,d2f4d91e144741bf12ae84cb5e58e7b6bcd752516658572bd917cbfe2e811ce9,No high-confidence secret finding
modules/pipeline/src/service.ts,.ts,module,yes,,1fcadbf02b74b041b61828e55b1ddd7b7a67a06ed6efe0a31f50c2aa27ccd35f,No high-confidence secret finding
modules/playbooks/src/app-outcome-engine.ts,.ts,module,yes,,74105d2234c9941247ac435b258f0da7bbbcf251252f425145c5cf287210fadb,No high-confidence secret finding
modules/playbooks/src/app-outcomes.ts,.ts,module,yes,,04664127f06f521953aca58339d2c0cd0747e982d1f7aa49e2d6af76679f3dfe,No high-confidence secret finding
modules/playbooks/src/apply-diff.ts,.ts,module,yes,,2f7698892bd9996566da06c3dd705192e7c093f946f7449fea1b5b964c35bd9d,No high-confidence secret finding
modules/playbooks/src/apply-service.ts,.ts,module,yes,,4c2e066a66df831461ad52e45d1fa3b26b9c41001b72f84ba181f06edf2a42ef,No high-confidence secret finding
modules/playbooks/src/builder.ts,.ts,module,yes,,978493e2163db6bd8ca879f41d5110c40120b867c13f0c10e1a3980d40cbafd3,No high-confidence secret finding
modules/playbooks/src/service.ts,.ts,module,yes,,e61a077792c13894b3cdd1465cb6ed62f0ad592d791a842a030683d1d31daa6e,No high-confidence secret finding
modules/portfolio/src/compare.ts,.ts,module,yes,,f8d35ceab094b040c3d6594ec5531e89a94fd30d4490c2b61862101bc73c755c,No high-confidence secret finding
modules/portfolio/src/service.ts,.ts,module,yes,,d7d978eb2b65acba7a6cbbf577cd69956548f4bb6f889523e11a4f9a1a703c20,No high-confidence secret finding
modules/proof/src/checker.ts,.ts,module,yes,,95fa3172f4706a6a6146ef38be17324b7566d541eec7bc68a64d21ef35e3d75f,No high-confidence secret finding
modules/provisioning/src/provision.ts,.ts,module,yes,,ab67be716e38b6e6932620f1e3c745b413a255912c8f1bb0df05360a74e7bbb7,No high-confidence secret finding
modules/realtime/src/feed.ts,.ts,module,yes,,3059dd22605afb485c3b3c8d979115e1c4a9bb4546fb2605708fa1915d8a9247,No high-confidence secret finding
modules/realtime/src/outbound.ts,.ts,module,yes,,3a0a17354798fe93bf4defaae53a26ad8a860d7191d2b439b25fb70bd3e1b562,No high-confidence secret finding
modules/realtime/src/processor.ts,.ts,module,yes,,aefdda78eac5dfaff180bcca752398cd60686e8f7964497ba04593635cb08440,No high-confidence secret finding
modules/realtime/src/service-window.ts,.ts,module,yes,,cf292a6c84394873fea7115759708accff0e134954291b653e1f044dfd5dd5cc,No high-confidence secret finding
modules/recommendations/src/engine.ts,.ts,module,yes,,9510f13d7b8c8a000721469093674c80601e8f1aed8043d72905d706d24a2697,No high-confidence secret finding
modules/recommendations/src/outcome-engine.ts,.ts,module,yes,,b5576fbcc3cac25f3c2a29cc9e6cd56ea62d4b5700c6fd0216c096898b56d55d,No high-confidence secret finding
modules/recommendations/src/outcomes.ts,.ts,module,yes,,9a390219d6e83286fd4c841218c887d1f26275e408efe429c8b455e693a354b6,No high-confidence secret finding
modules/recommendations/src/service.ts,.ts,module,yes,,30d9cf3c3e37c01ef451dc6c45f7bf7202cdc29636aaefd8777a50458e1d1369,No high-confidence secret finding
modules/release/src/admin.ts,.ts,module,yes,,b4c3fe03cb7e515d4f5228bfb3f4cbfbcb00ac79585ee8a05a1c51a51f3811b0,No high-confidence secret finding
modules/release/src/checker.ts,.ts,module,yes,,eb9ca1b2c4e709ca45178839030df5a6d6d64159e72d91b2bce3eafca86cea70,No high-confidence secret finding
modules/release/src/env-spec.ts,.ts,module,yes,,bf4c116a93d712b6352ec47e862393ff7cddc1f1d55fced005de3dfd6204c90b,No high-confidence secret finding
modules/release/src/health.ts,.ts,module,yes,,60e1fdcac636406179d49f8a7082ca900cab577b7f6023e1210255d8403cb2e6,No high-confidence secret finding
modules/repairs/src/learning.ts,.ts,module,yes,,af38b9c39b4f754adb17415b43b6f5ff303e69e6c3875d6d3c632505a75fd8c6,No high-confidence secret finding
modules/repairs/src/outcome-engine.ts,.ts,module,yes,,f6a30dac11f4d5e0d882bae87b0b656c11bf12811375be49e53b926643d80e6b,No high-confidence secret finding
modules/repairs/src/outcomes.ts,.ts,module,yes,,17b6852e878bc7ad50d137916a5d10dae96366145d1855eba8c1014f6f356744,No high-confidence secret finding
modules/repairs/src/planner.ts,.ts,module,yes,,c53fabf5c345ccd5bafd39ced6d5a3b4fd93918ecd77ddcefcb2bb662278b0c2,No high-confidence secret finding
modules/repairs/src/service.ts,.ts,module,yes,,8d14b21e3f23389c17e7235db6524562dd2e342756403ac23734372f98b41006,No high-confidence secret finding
modules/repeatability/src/runner.ts,.ts,module,yes,,c423f2a4b0f085f7f0b5f1977bf1335fd227a70550ff5176d4176765db5d91ac,No high-confidence secret finding
modules/reports/src/service.ts,.ts,module,yes,,7caa38f8c6efccb525736853887448fed0799fdf51cfd762fdb096f90dfca0e3,No high-confidence secret finding
modules/revenue-desk/src/aggregator.ts,.ts,module,yes,,2de683311d009ff39135d6d2a4f8ff77abd2bc8ad9c9268e1423816e3c1cc40b,No high-confidence secret finding
modules/revenue-desk/src/service.ts,.ts,module,yes,,ed627925353ff426355a6f1f66a7695aa2963171b8c9fa8ddaf9d1c236ed49d2,No high-confidence secret finding
modules/revenue-desk/src/taxonomy.ts,.ts,module,yes,,c00534a30174472fff01befbe5c023cfeca082a42e8ba7ff812edc1570a7990a,No high-confidence secret finding
modules/sales-ops/src/fit.ts,.ts,module,yes,,a925e582028939d10c6e17baddf56f53c75967c38c15ca939e9b47a6d7ddc94a,No high-confidence secret finding
modules/sales-ops/src/proposal.ts,.ts,module,yes,,be97eb1ccaaa08f4d7e61242d4311be0cb11f9f662aee26d7e5b3a43e5763c3e,No high-confidence secret finding
modules/sales-ops/src/support-workflow.ts,.ts,module,yes,,f8d2246700e969bb5ff84b4b28a04f8a104b095f9287c676ac4e731739d23b15,No high-confidence secret finding
modules/scheduler/src/due.ts,.ts,module,yes,,1850a35bedfa3c2ed88bf1a64398aa8944615c25cc9c9a4e57a52546e263d1cb,No high-confidence secret finding
modules/scheduler/src/fanout.ts,.ts,module,yes,,64a96cb87e6d76df0533606492ccdb21717da46eb6740ef13a68ad681f8f1163,No high-confidence secret finding
modules/scheduler/src/lease.ts,.ts,module,yes,,8badc8af3276fba45a4844b621b53e39ef2463631f5cb25aaa7be06307160c89,No high-confidence secret finding
modules/scheduler/src/ops.ts,.ts,module,yes,,0e0594571f6f320211f1423dd43a97dafe45dadede43674a2c8286025be94a95,No high-confidence secret finding
modules/scheduler/src/service.ts,.ts,module,yes,,6993ec16f3117b0896351377aa4b74579ce9b2acb29cb641b280ca15f8b5d231,No high-confidence secret finding
modules/security/src/audit.ts,.ts,module,yes,,e954e056e1ccb11b7656537cd81bdd7400f67c80f270894473a03479fa2bdacb,No high-confidence secret finding
modules/security/src/headers.ts,.ts,module,yes,,150c1130113e939ace603cca150448555d7733217cfd5da1039804b81e2870d8,No high-confidence secret finding
modules/security/src/rate-limit.ts,.ts,module,yes,,286b3634f37121ae0a5f87bc12f855f95095d68d7519b6125ce5e4f5a439850a,No high-confidence secret finding
modules/tenancy/src/repo.ts,.ts,module,yes,,b559d3a45faedb63bd059c0dbd14b7ecd0cbed50f0da8a9627df97a5bcc84280,No high-confidence secret finding
modules/whatsapp/src/copilot.ts,.ts,module,yes,,733ca714ab295f9ab92bd5f4d3932d8a2e7ea237d28f2902b01fbc295fb7077c,No high-confidence secret finding
modules/whatsapp/src/service.ts,.ts,module,yes,,b211e59b5a31042d33e13cdbadb63cfdbf7a6dd6768f2c03be3fd60bec640ffa,No high-confidence secret finding
package-lock.json,.json,project,yes,,be18b8e2991a0f29a46b6ce778d136a696761dc0a48b33469520cfe003aab814,No high-confidence secret finding
package.json,.json,project,yes,,a12ac575c081bb39fd1735867a00c8818841efab0b61ffcc83f718a400ac89a2,No high-confidence secret finding
packages/ai-core/src/brains/command.ts,.ts,package,yes,,6d222669a7b950359fdf19d71eae0577848cc2a54fb147c6c48f967d0c7fa26f,No high-confidence secret finding
packages/ai-core/src/brains/funnel-architect.ts,.ts,package,yes,,8d3cff34fa46e8114e4e5c5f3f09927cd8226d2011d1a04a9f2477306a612710,No high-confidence secret finding
packages/ai-core/src/brains/offer-action.ts,.ts,package,yes,,0317cdd8d7b2057f247e598869654ca13492be0a21d25685509bcd705c2b3156,No high-confidence secret finding
packages/ai-core/src/brains/offer.ts,.ts,package,yes,,f2009457bd95f240f61213b4f1dd6b6586ca0f15baf3f13136dba6b7cadb64a8,No high-confidence secret finding
packages/ai-core/src/brains/page-section-action.ts,.ts,package,yes,,612d822312c58ed963f616ef4dcfc30740420dec7d99d21982e73e897d254145,No high-confidence secret finding
packages/ai-core/src/brains/page.ts,.ts,package,yes,,a1903e9d11c95bac4e1c8e08fe78bf4fe55b843d86ae58959145ca651cd5c2ad,No high-confidence secret finding
packages/ai-core/src/brains/payment-flow.ts,.ts,package,yes,,3b2e830a019e2350fe394ed3582789b914c0d599f40abf9e0d36200e07ad66a4,No high-confidence secret finding
packages/ai-core/src/brains/report.ts,.ts,package,yes,,88d95fbf9bd3df824016611baa57afcc189450b1da5c68a4bf31067da3c90aa2,No high-confidence secret finding
packages/ai-core/src/brains/whatsapp-sales.ts,.ts,package,yes,,532d165196fded49ff9b8b638570f25b99badd732fd8c3cff1081252bdf7cef7,No high-confidence secret finding
packages/ai-core/src/contracts.ts,.ts,package,yes,,382adb78fa383f329cfc285282b7635ba3bbde497c4a178404fb3a7a73ed7556,No high-confidence secret finding
packages/ai-core/src/gateway.ts,.ts,package,yes,,7fcba97d1686265c8fd40aa166df2dc066277d860b80ef27588601b0407f7759,No high-confidence secret finding
packages/ai-core/src/llm.ts,.ts,package,yes,,c6a3515fde410247a2f267a24b263a839e175cf785f74d817266a069f10f07ee,No high-confidence secret finding
packages/db/control-plane/migrations/0001_init_control_plane.sql,.sql,package,yes,,df7f90dd091191b316e0ade847a3d6081da844622bf528f70375e0d46d853cf0,No high-confidence secret finding
packages/db/control-plane/migrations/0002_auth_workspace.sql,.sql,package,yes,,03cacc5777bceb37718322d0ad4c18ffc71abd1d123cb1d41cf71ae5be33d416,No high-confidence secret finding
packages/db/control-plane/migrations/0003_public_codes.sql,.sql,package,yes,,744fe7b56018b78d010568744b1a4c532fbd271780f3e8739935d253d183ad46,No high-confidence secret finding
packages/db/control-plane/migrations/0004_integration_routes.sql,.sql,package,yes,,d7f1a08c36871a52764a03025aeb0028ec98afb925f722c56b691aa7c27a79e9,No high-confidence secret finding
packages/db/src/router.ts,.ts,package,yes,,d5199f6c0cbc95d45e36617e71675c882c8c531209f1b074cf7d1e613f171ec9,No high-confidence secret finding
packages/db/tenant/migrations/0001_init_tenant_schema.sql,.sql,package,yes,,c97b5272bfdaeaaec0ea5e61e00703fd501d9f9d5b94782da602cc88e0396b1c,No high-confidence secret finding
packages/db/tenant/migrations/0002_automation_engine.sql,.sql,package,yes,,a6a9b308fb4c9f7338d73e4fb33fcd8bb09c4a15385715fe1b8aa30e9de711ed,No high-confidence secret finding
packages/db/tenant/migrations/0003_funnel_builder.sql,.sql,package,yes,,9f7d5c0387e70be6cca52d59eecd46e35ca2d2590538d863ca2f0c003e784fc0,No high-confidence secret finding
packages/db/tenant/migrations/0004_page_publish.sql,.sql,package,yes,,796ec7d4225ec5c03d5bef1a4a04c5fda660991a7e48c97ef7b3004e49ccf8d9,No high-confidence secret finding
packages/db/tenant/migrations/0005_tracked_links.sql,.sql,package,yes,,65d0a5dbee92cbb7cb78223a6ede985e1cbd2ac0f25340e81208c05004c933cc,No high-confidence secret finding
packages/db/tenant/migrations/0006_funnel_crm.sql,.sql,package,yes,,21d3c42ecbbdddafab227122d6362e1c30da30efb2263ac33add17a99e1cdf2f,No high-confidence secret finding
packages/db/tenant/migrations/0007_leak_findings.sql,.sql,package,yes,,1b7e617ae42e45ffe4a9fdafc09a077a244ccf557d9da53fa5c9069825a610e3,No high-confidence secret finding
packages/db/tenant/migrations/0008_payment_flow.sql,.sql,package,yes,,ec566df893b0cee1315bcf9f100c43398c3ba4fb16f464ed40309a1c8af6a4e3,No high-confidence secret finding
packages/db/tenant/migrations/0009_whatsapp_flow.sql,.sql,package,yes,,f4a239c29817546252d5a447e00a0ff6450cdc9ebfb973fdd7bba31295a0dafd,No high-confidence secret finding
packages/db/tenant/migrations/0010_reports_actions.sql,.sql,package,yes,,eeae7da7d2f0ba09b5b67f93f4be7b135167f0531835eaab8d6790c1608e1bc8,No high-confidence secret finding
packages/db/tenant/migrations/0011_commands.sql,.sql,package,yes,,c3cba36a5db16795cffc33491a7953fa980d18f26257d1c338a7406bc8cd72b2,No high-confidence secret finding
packages/db/tenant/migrations/0012_command_execution.sql,.sql,package,yes,,4613668bb46e1717edd18ff3d9faafce86f066e81df5387210c0b44917a5d397,No high-confidence secret finding
packages/db/tenant/migrations/0013_integrations.sql,.sql,package,yes,,59d6f9c8a49e1c351d274a8b6d8d6e83b9cb05226d28da704469e96433197bd9,No high-confidence secret finding
packages/db/tenant/migrations/0014_realtime_ops.sql,.sql,package,yes,,0ed607442fc35ff0b6f48734c449fae116511cc452c2f0af1784dff3006e403c,No high-confidence secret finding
packages/db/tenant/migrations/0015_repairs.sql,.sql,package,yes,,0bcd050b3f662ec107f3f10e719eb8ec0a8af23ea49b31ab53857b8c33c5410a,No high-confidence secret finding
packages/db/tenant/migrations/0016_repair_outcomes.sql,.sql,package,yes,,6e50111d0c2197b3f9cd433848d60f88820a52cb834150107c8b777afda10eb0,No high-confidence secret finding
packages/db/tenant/migrations/0017_repair_learning.sql,.sql,package,yes,,9d082297ad353012d5a1418f2ed70bebfa94f45040ed39d2b7dfd7f6928beeba,No high-confidence secret finding
packages/db/tenant/migrations/0018_adaptive_playbooks.sql,.sql,package,yes,,1fba21e4910bea9859cdfe8c94399079883012595b74084c155fe0b8314e5e50,No high-confidence secret finding
packages/db/tenant/migrations/0019_playbook_applications.sql,.sql,package,yes,,3ca778cb2c0d4c283287f840c028e1ff2c12bb6195e2fcece7f0a923d506153f,No high-confidence secret finding
packages/db/tenant/migrations/0020_playbook_application_outcomes.sql,.sql,package,yes,,2eb63533256fc73d444305238af08a18d77672d15ac13de3c84b3579d314b463,No high-confidence secret finding
packages/db/tenant/migrations/0021_portfolio.sql,.sql,package,yes,,8fe21e485483d557cab6c15ec3cdc86efeb19a99631bdc5aa35b21ad42cacd53,No high-confidence secret finding
packages/db/tenant/migrations/0022_scheduled_runs.sql,.sql,package,yes,,e2b4fc21b0752c8b36d426545aa7731111892e8a98730a8493227d6a48da1188,No high-confidence secret finding
packages/db/tenant/migrations/0023_revenue_opportunities.sql,.sql,package,yes,,2d0d7a666e98b5f4b666cef0129eb399ecf8f2d78589b61e6ae47ad02d9309fd,No high-confidence secret finding
packages/db/tenant/migrations/0024_opportunity_outcomes.sql,.sql,package,yes,,991d7d5e371c9d92b544158aa33001ebebdc055edebe82e7894d2ecf9cf0725e,No high-confidence secret finding
packages/db/tenant/migrations/0025_revenue_attributions.sql,.sql,package,yes,,b59f682b4de3867f989c3162a6d8dd954cb47359dc8f73359f9d25a8495d2b05,No high-confidence secret finding
packages/db/tenant/migrations/0026_action_recommendations.sql,.sql,package,yes,,b1e9c9c61cc7f44c467da5984d25bb8b34f715cc7c4f82e23cfbcb53553097fa,No high-confidence secret finding
packages/db/tenant/migrations/0027_recommendation_outcomes.sql,.sql,package,yes,,b498fa831ea928bd552bb3400ab8cfef6796f2ca4d8bb5b392e9eaeb13ebd220,No high-confidence secret finding
packages/db/tenant/migrations/0028_data_integrity_hardening.sql,.sql,package,yes,,532857c47ddf649d69ca80affc9d3554890566002cdf48d65e40fd9e60189a91,No high-confidence secret finding
packages/db/tenant/migrations/0029_scaling_operations.sql,.sql,package,yes,,5e1a3af6581a1671f296995663f80c14f46aaa79f43ff7b339c88ebdf008ac11,No high-confidence secret finding
scripts/backup-restore.ts,.ts,script,yes,,9ad37983c8921f1c0e7f804d2856ec7ee220b06fa346290b1e84d4b84f3782c6,No high-confidence secret finding
scripts/ci.ts,.ts,script,yes,,d58e9dc6250a5ea9acc5cbc5bf622ae17fcabd2e5bcfca14266063a86bc96cec,No high-confidence secret finding
scripts/commercial-check.ts,.ts,script,yes,,566abaa8673f9f1f723db96a6602091836760eb1c959171a8c30fdf2f50e6bfc,No high-confidence secret finding
scripts/create-customer.ts,.ts,script,yes,,748ce3079c49247c599ca27744d05ab05e26b6a4b3e8b1b012e116d48d3b5a7e,No high-confidence secret finding
scripts/customer-zero.ts,.ts,script,yes,,11ced18632d53a82795a27f0559da4cc287e39eec9b0a826248e33cbf19eee79,No high-confidence secret finding
scripts/delete-tenant.ts,.ts,script,yes,,f9bccf3d5212857579d6ed1ea6aaea742f90997a3129c69e7022e8a1bd599cbd,No high-confidence secret finding
scripts/deploy.ts,.ts,script,yes,,aa8c873764dc22f8718264d4842314d6f14c474f103e3eb0501993897a12affb,No high-confidence secret finding
scripts/execution.ts,.ts,script,yes,,d4878e4085aa9bb96de6a47676b338bc44d044ddf743e686e18ed310a3da47c5,No high-confidence secret finding
scripts/live-execution.ts,.ts,script,yes,,2d106d4f23a296c377b3808aae55e00c586878b5ea79bdb801f780b80fab095c,No high-confidence secret finding
scripts/migrate-all.ts,.ts,script,yes,,9e3a7f08f4bc93e025fa7d093babe0733c44da83ba78740e29834cf487d3d56b,No high-confidence secret finding
scripts/migrate-control.ts,.ts,script,yes,,1e28203571e00077916c73f8e1411919b0cb17c618f99e74977d0b3a5663e8f8,No high-confidence secret finding
scripts/operating-room.ts,.ts,script,yes,,9b515c9471a1fae0dd25860ed09c254f6f3eac2c033d50b7871e891e7a6c0895,No high-confidence secret finding
scripts/proof-check.ts,.ts,script,yes,,a0e5025d939f41810f86e23da738d9f0ac6a8d98c891c8f1a8326761e3e19f4a,No high-confidence secret finding
scripts/provision-tenant.ts,.ts,script,yes,,121b93a59c885844892d7da856cf4b28e67d57a5527098fb387649e2a8a6484f,No high-confidence secret finding
scripts/repeatability.ts,.ts,script,yes,,f47fab6ce21b11cd89375a68ca74e3a8d71a6356719ee95252b6fe9ce28aa1a6,No high-confidence secret finding
scripts/run-scheduler.ts,.ts,script,yes,,19b66389499e9a91609d5475ba687a8a5857a1bde517dea50473bff1b0cf6fcc,No high-confidence secret finding
scripts/sales-ops.ts,.ts,script,yes,,921da787d02f4993046c01bdc75f4bf97963051dc1cb99d02f6c64691e76b9ba,No high-confidence secret finding
scripts/verify-release-candidate.ts,.ts,script,yes,,f24a77ee7ac65018c3f72cbfad7ce4969ecf74041b1bfda5686ebff4a206c017,No high-confidence secret finding
tests/actions.test.ts,.ts,test,yes,,272edce1efaa15b4976b435c117e48bc1b1004bd9cad74ca30b0e01954a2e4d0,No high-confidence secret finding
tests/activation.test.ts,.ts,test,yes,,010cb463af1a17ca5bbd25038d17747ca428dfbb87322ad8a91ccf7c4cd9c494,No high-confidence secret finding
tests/api.test.ts,.ts,test,yes,,5c4c9d7e8dc75cd9836833d19393aafbed9facd8fa17b4dbd9b585a6af864ffe,No high-confidence secret finding
tests/app-outcomes.test.ts,.ts,test,yes,,68f0618bc3fb6ab0704a72b30c553ebe33d4162b25f628d2208646b0e21a65e3,No high-confidence secret finding
tests/attribution.test.ts,.ts,test,yes,,1c5c28c0807d851d6a7b6bb3f65e5e1363001f229a15c49a7b4880dd86c1b0a5,No high-confidence secret finding
tests/auth.test.ts,.ts,test,yes,,d0486a0a2fdad76b1b4dd8f9e94dc2327c01d14e92316133145a10d5df9b9dac,No high-confidence secret finding
tests/automation.test.ts,.ts,test,yes,,d5193163eb2ea3d1c42e7b899124c42d785f598a07d90e9e761a67b0bfb0da02,No high-confidence secret finding
tests/brains.test.ts,.ts,test,yes,,f76168643ff3e81c2425da82295da39f2bb45ac088726506c2e37cac1b919857,No high-confidence secret finding
tests/capture.test.ts,.ts,test,yes,,9bd301d1047253365acaf72263a4ed778d590b802ba543d11ab9e44f863c8005,No high-confidence secret finding
tests/command-exec.test.ts,.ts,test,yes,,bec1b220ba7214358c4ab8c70151e919e495850f120bfdd015ebbc869c4086b7,No high-confidence secret finding
tests/command.test.ts,.ts,test,yes,,d88eea84f54db277e67f673c1334e1e45668108f47fd0271845c0e0abb376f90,No high-confidence secret finding
tests/commercial.test.ts,.ts,test,yes,,3cd4979e528a1b20b3c013fd75719d6409b96b861d4127686c417d1022452a3c,No high-confidence secret finding
tests/customer-zero.test.ts,.ts,test,yes,,faab379b1dbaef62257c3fef9c1eed600d0617073994e76aeb727d97169a6fd8,No high-confidence secret finding
tests/data-integrity.test.ts,.ts,test,yes,,9fb8f55d7c20a6081e41428cd694c51419b8604ae5ea52280d0a37d1fda25cc7,No high-confidence secret finding
tests/demo.test.ts,.ts,test,yes,,7df73c422b5ef0e0ab9952880840a81c6afd32a73974af3a3416e8c397ef931f,No high-confidence secret finding
tests/deployment.test.ts,.ts,test,yes,,07bc32abc7188f3056a638569a8c7f78b1206dceb3480253731e6624e050e0c6,No high-confidence secret finding
tests/execution.test.ts,.ts,test,yes,,12a20c68df7a6812a6728791bd9e1950cb5aa8128f5e9300b7935758608274ad,No high-confidence secret finding
tests/friction.test.ts,.ts,test,yes,,5447b132db078b8f6eb807cd78389097e536d8a1766d9668fcf05dd34be1f4e4,No high-confidence secret finding
tests/integrations.test.ts,.ts,test,yes,,d7f72805b4eeb184f3b364c28d78fdbc0d64841e71a55dae936eff00a75b7281,No high-confidence secret finding
tests/isolation-logic.test.ts,.ts,test,yes,,9b4183419ab3887e0586871b224170eb207b27dc6de5662d6bab844982fa88a7,No high-confidence secret finding
tests/isolation.test.ts,.ts,test,yes,,c9be000559b7747fd01266f13c3a1c6b4d6361a231de3ff131a667c1b5e09c4c,No high-confidence secret finding
tests/leaks.test.ts,.ts,test,yes,,1e8819cac1bf2934ac84c8b80b869d4ded4805e7607a8d56bca4866e8a0c053f,No high-confidence secret finding
tests/learning.test.ts,.ts,test,yes,,bc15b1fcd3dc6710a8274a60688e21119dcfe87fbb3369ac29f360ba518b56cd,No high-confidence secret finding
tests/live-db.test.ts,.ts,test,yes,,9163daa5f5126120c4bcc55625a230548547fbef2e650f862b064d2399e08e45,No high-confidence secret finding
tests/live-execution.test.ts,.ts,test,yes,,8982d4ceb412b34ef439e5d9c77dac76cbe179dd4e3190c069002dc2af23781c,No high-confidence secret finding
tests/offer-action.test.ts,.ts,test,yes,,89e6a6c5c850a4519e73720630638f201ddac517db88a4d56480990fb61100c6,No high-confidence secret finding
tests/onboarding.test.ts,.ts,test,yes,,b98fbe34c493e6b4e8d20146c2e55cc95282925703a16da56908c8a39ebf6d2c,No high-confidence secret finding
tests/operating-room.test.ts,.ts,test,yes,,d1d104a92374cab4fcbca3795f9053e98bb0a7678f6dc90ff9f8ba50c060bf05,No high-confidence secret finding
tests/opportunities.test.ts,.ts,test,yes,,e4775324f65d8fc1f11b9a9f48d9388d2319f9292eecf82b8b84ffd74eb162a9,No high-confidence secret finding
tests/opportunity-outcomes.test.ts,.ts,test,yes,,baada1c470d047dae7850fcb701e98b56db010148d2748ddcf2c992ac3be760b,No high-confidence secret finding
tests/outcomes.test.ts,.ts,test,yes,,54b49a8723dad9120e55d8749370899506dc994269b27876997ea23e002533b3,No high-confidence secret finding
tests/page.test.ts,.ts,test,yes,,a306e654278d61c731b103534258d93a329a8e7c91914500c22bb9f437bc443e,No high-confidence secret finding
tests/payment.test.ts,.ts,test,yes,,808e5ca8c8e2f063c22b30ddbc06b6a0d6ef3ba52a7d76db4e7d87efe3ac1b4c,No high-confidence secret finding
tests/pipeline.test.ts,.ts,test,yes,,22aa9f213b54cf83c57da9dfafb642a4af5df94f00f6d3b626b4ba5152f62b5b,No high-confidence secret finding
tests/playbook-apply.test.ts,.ts,test,yes,,db938fc2fc596094253d9e8f059db262513b0c1cc28e7acf63c3c3822e6e9ee1,No high-confidence secret finding
tests/playbooks.test.ts,.ts,test,yes,,37ec06eb644d6310e34b821bef479c78454da39a35e53f975bc3b8df8597f337,No high-confidence secret finding
tests/portfolio.test.ts,.ts,test,yes,,a82e21bc7f5a006e18b4656358872252ab9919f208f7479939b76bd8b1bc1c1e,No high-confidence secret finding
tests/production-safety.test.ts,.ts,test,yes,,58b910144c9fd4e422bcb9f69a7b7b9b10fe83d4d401435832882eae6670bfc0,No high-confidence secret finding
tests/proof.test.ts,.ts,test,yes,,6ed04bbea21a39d50a3639139237db9e3f6f022ca1ac400f45a89f29a951dd75,No high-confidence secret finding
tests/realtime.test.ts,.ts,test,yes,,b17087643388e6eb220c43b6b1b512ab4aee1cc0f0cd572480f2e204723fcb75,No high-confidence secret finding
tests/recommendation-outcomes.test.ts,.ts,test,yes,,4c026e726a80672482271c8e125e70ec691ae73023b843cd0911e4b7487eacd3,No high-confidence secret finding
tests/recommendations.test.ts,.ts,test,yes,,a8157694e10d5cd5d9c48894d0362ff8f1f1391bc22f4196fe7d21a260c0edbc,No high-confidence secret finding
tests/release.test.ts,.ts,test,yes,,0c318d10ad52cd3430eb2d4454ee0a7fa8cceae1865704a6710f5ba39dddf697,No high-confidence secret finding
tests/repairs.test.ts,.ts,test,yes,,07665311afec8f43f20b41477f10c28e85673df19a7fd8fc224d2454d7938abf,No high-confidence secret finding
tests/repeatability.test.ts,.ts,test,yes,,e4c9aaba9b693803a9c6ee474f100a25eccf453705ef3f3e3fc9e0bdbc181caa,No high-confidence secret finding
tests/revenue-desk.test.ts,.ts,test,yes,,0c501d6a6ba92f9d9fb5aeb3c118e19c61f16afeab804220ef248e012d625186,No high-confidence secret finding
tests/sales-ops.test.ts,.ts,test,yes,,e28c6d8ff59fc42930536a02ac160cea3a242d6f5f8f055dfd3a73905bd344d7,No high-confidence secret finding
tests/scaling.test.ts,.ts,test,yes,,efb0fda1c5aea5bdf9743fd34c56e00539a7cc6f0f1f392650ac89efae88c8c8,No high-confidence secret finding
tests/scheduled-intelligence.test.ts,.ts,test,yes,,04533d7c25b56bf55d517dc30adf9f9eb4ffb8f0102937ce740e72c664f82402,No high-confidence secret finding
tests/scheduler.test.ts,.ts,test,yes,,beb6c07de21bdc65869d7cd12b96cc9b926aa325abc77340b34977dc20f35765,No high-confidence secret finding
tests/security-hardening.test.ts,.ts,test,yes,,0c67195dc0991a7568d1f7ad7bfcea5ff9e67b75496ea54b1fce6046e11817f9,No high-confidence secret finding
tests/webhook-security.test.ts,.ts,test,yes,,ddffb1546c96100a41604874cd042e8f4356d1f60e7c48db6011c463d3fcf0fe,No high-confidence secret finding
tests/whatsapp.test.ts,.ts,test,yes,,ede39c585900e005fde01d14b4248fb5492ccb9499367dcb3de2445a0bc9764c,No high-confidence secret finding
tsconfig.json,.json,project,yes,,ac41197fa793b382d49fc0504545d9cfd30dc7dbb0acde75a48fe3a40bc1958a,No high-confidence secret finding
.env.example,.example,excluded,no,Environment file excluded,,Excluded by policy
fasteners-0.20-py3-none-any.whl,.whl,excluded,no,Third-party binary wheel artifact excluded from source archive,,Excluded by policy
pgserver-0.1.4-cp312-cp312-manylinux_2_17_x86_64.manylinux2014_x86_64.whl,.whl,excluded,no,Third-party binary wheel artifact excluded from source archive,,Excluded by policy
platformdirs-4.10.0-py3-none-any.whl,.whl,excluded,no,Third-party binary wheel artifact excluded from source archive,,Excluded by policy
psutil-7.2.2-cp36-abi3-manylinux2010_x86_64.manylinux_2_12_x86_64.manylinux_2_28_x86_64.whl,.whl,excluded,no,Third-party binary wheel artifact excluded from source archive,,Excluded by policy
